﻿Designator,Footprint,Quantity,Value,LCSC Part #
C1,1206,1,1μF,
J1,USB_C_Receptacle_Molex_105450-0101,1,USB_C_Receptacle,
J6,TerminalBlock_TE_282834-2_1x02_P2.54mm_Horizontal,1,Screw_Terminal_01x02,
R1,1206,1,1kΩ,
"R2, R7, R8, R9",1206,4,10kΩ,
R3,1206,1,270Ω,
R4,1206,1,820Ω,
R5,1206,1,330Ω,
R6,1206,1,560Ω,
SW1,SW_DIP_SPSTx03_Slide_9.78x9.8mm_W8.61mm_P2.54mm,1,SW_DIP_x03,
"SW2, SW3",SW_OS103012MU2QP1,2,OS103012MU2QP1,
U1,SSOP-10-1EP_3.9x4.9mm_P1mm_EP2.1x3.3mm,1,CH224K,
"U2, U3",SOT-223-3_TabPin2,2,LM317_SOT-223,
